,date,death,deathIncrease,inIcuCumulative,inIcuCurrently,hospitalizedIncrease,hospitalizedCurrently,hospitalizedCumulative,negative,negativeIncrease,onVentilatorCumulative,onVentilatorCurrently,positive,positiveIncrease,recovered,states,totalTestResults,totalTestResultsIncrease
0,2020-12-07,274745.0,1347,32120.0,20098.0,3614,102148.0,589486.0,163378726,1386381,3328.0,7073.0,14717065,180193,5714557.0,56,205934174,1835388
1,2020-12-06,273398.0,1146,31946.0,20145.0,2311,101501.0,585872.0,161992345,1175503,3322.0,7095.0,14536872,177801,5624609.0,56,204098786,1648306
2,2020-12-05,272252.0,2461,31831.0,19947.0,3457,101192.0,583561.0,160816842,1530133,3321.0,7006.0,14359071,212880,5576152.0,56,202450480,2190899
3,2020-12-04,269791.0,2563,31608.0,19858.0,4652,101276.0,580104.0,159286709,1260657,3305.0,6999.0,14146191,224831,5470389.0,56,200259581,1854869
4,2020-12-03,267228.0,2706,31276.0,19723.0,5331,100755.0,575452.0,158026052,1238465,3280.0,6867.0,13921360,210204,5404018.0,56,198404712,1828230
5,2020-12-02,264522.0,2733,31038.0,19680.0,5028,100322.0,570121.0,156787587,982032,3252.0,6855.0,13711156,195796,5322128.0,56,196576482,1459202
6,2020-12-01,261789.0,2473,30749.0,19295.0,5222,98777.0,565093.0,155805555,1941714,3223.0,6649.0,13515360,176753,5226581.0,56,195117280,2340996
7,2020-11-30,259316.0,1136,30469.0,18801.0,3394,96149.0,559871.0,153863841,1219808,3205.0,6520.0,13338607,147587,5146643.0,56,192776284,1603253
8,2020-11-29,258180.0,803,30274.0,18437.0,2429,93357.0,556477.0,152644033,883148,3184.0,6245.0,13191020,135242,5065148.0,56,191173031,1289970
9,2020-11-28,257377.0,1245,30109.0,18249.0,3404,91762.0,554048.0,151760885,1276935,3179.0,6148.0,13055778,154522,5024447.0,56,189883061,1709566
10,2020-11-27,256132.0,1372,29858.0,18061.0,3499,89950.0,550644.0,150483950,1504431,3171.0,6030.0,12901256,193725,4947446.0,56,188173495,2126288
11,2020-11-26,254760.0,1336,29673.0,18019.0,2247,90564.0,547145.0,148979519,850418,3153.0,5986.0,12707531,126335,4871312.0,56,186047207,1170195
12,2020-11-25,253424.0,2289,29540.0,17740.0,4568,90041.0,544898.0,148129101,1160187,3147.0,5990.0,12581196,183629,4835956.0,56,184877012,1720705
13,2020-11-24,251135.0,2066,29245.0,17314.0,4591,88174.0,540330.0,146968914,1353678,3123.0,5630.0,12397567,167014,4696996.0,56,183156307,1790272
14,2020-11-23,249069.0,955,28990.0,17080.0,2985,85979.0,535739.0,145615236,1347659,3106.0,5458.0,12230553,150958,4633600.0,56,181366035,1758560
15,2020-11-22,248114.0,898,28828.0,16411.0,2291,83882.0,532754.0,144267577,1254291,3094.0,5233.0,12079595,150841,4526635.0,56,179607475,1744488
16,2020-11-21,247216.0,1512,28693.0,16264.0,3340,83346.0,530463.0,143013286,1429877,3087.0,5103.0,11928754,179715,4529788.0,56,177862987,2004237
17,2020-11-20,245704.0,1884,28472.0,16138.0,3891,82279.0,527123.0,141583409,1389889,3078.0,5055.0,11749039,192800,4457930.0,56,175858750,1919404
18,2020-11-19,243820.0,1967,28216.0,15763.0,4420,80682.0,523232.0,140193520,1286682,3052.0,4859.0,11556239,182835,4410709.0,56,173939346,1821019
19,2020-11-18,241853.0,1864,27989.0,15558.0,4384,79517.0,518812.0,138906838,1074535,3024.0,4701.0,11373404,163972,4348089.0,56,172118327,1539051
20,2020-11-17,239989.0,1555,27681.0,15018.0,3812,77079.0,514428.0,137832303,1092466,3004.0,4379.0,11209432,156732,4292094.0,56,170579276,1511767
21,2020-11-16,238434.0,619,27437.0,14494.0,3033,73377.0,510616.0,136739837,1103588,2988.0,4166.0,11052700,148873,4242683.0,56,169067509,1486671
22,2020-11-15,237815.0,687,27269.0,13849.0,1868,70202.0,507583.0,135636249,1162588,2975.0,3939.0,10903827,144432,4183378.0,56,167580838,1615398
23,2020-11-14,237128.0,1331,27172.0,13491.0,3424,69588.0,505715.0,134473661,1174745,2972.0,3945.0,10759395,163538,4146419.0,56,165965440,1661870
24,2020-11-13,235797.0,1268,26997.0,13279.0,3686,68599.0,502291.0,133298916,1237358,2967.0,3769.0,10595857,172116,4093148.0,56,164303570,1697946
25,2020-11-12,234529.0,1119,26803.0,12911.0,3551,67233.0,498605.0,132061558,970746,2954.0,3622.0,10423741,152012,4049143.0,56,162605624,1475910
26,2020-11-11,233410.0,1563,26584.0,12625.0,3275,65557.0,495054.0,131090812,1019608,2947.0,3367.0,10271729,144817,3995023.0,56,161129714,1417539
27,2020-11-10,231847.0,1360,26335.0,12071.0,4033,62138.0,491779.0,130071204,941989,2922.0,3201.0,10126912,131187,3959700.0,56,159712175,1251917
28,2020-11-09,230487.0,577,26087.0,11638.0,2261,59394.0,487746.0,129129215,1222538,2907.0,3110.0,9995725,119434,3926618.0,56,158460258,1516486
29,2020-11-08,229910.0,496,25819.0,11223.0,1467,56942.0,485485.0,127906677,921930,2900.0,2977.0,9876291,110290,3879255.0,56,156943772,1252250
30,2020-11-07,229414.0,1119,25721.0,11215.0,2297,56037.0,484018.0,126984747,984190,2898.0,2947.0,9766001,129222,3849345.0,56,155691522,1413065
31,2020-11-06,228295.0,1173,25498.0,11213.0,3143,54949.0,481721.0,126000557,1134534,2885.0,2850.0,9636779,125758,3808730.0,56,154278457,1563936
32,2020-11-05,227122.0,1146,25276.0,11046.0,2541,53465.0,478578.0,124866023,1183658,2872.0,2877.0,9511021,116443,3779523.0,56,152714521,1567027
33,2020-11-04,225976.0,1117,25041.0,10892.0,3114,52166.0,476037.0,123682365,869801,2853.0,2832.0,9394578,103305,3741442.0,56,151147494,1222728
34,2020-11-03,224859.0,1514,24796.0,10530.0,3115,50512.0,472923.0,122812564,840052,2833.0,2733.0,9291273,86666,3702925.0,56,149924766,1128739
35,2020-11-02,223345.0,491,24560.0,9970.0,1446,48773.0,469808.0,121972512,1070761,2809.0,2637.0,9204607,82047,3672742.0,56,148796027,1326677
36,2020-11-01,222854.0,395,24457.0,9665.0,1166,47615.0,468362.0,120901751,814184,2797.0,2553.0,9122560,73849,3631622.0,56,147469350,1127867
37,2020-10-31,222459.0,963,24375.0,9613.0,2082,47486.0,467196.0,120087567,1044004,2786.0,2502.0,9048711,90585,3610296.0,56,146341483,1390130
38,2020-10-30,221496.0,947,24230.0,9549.0,2401,46856.0,465114.0,119043563,975456,2776.0,2477.0,8958126,97238,3576201.0,56,144951353,1363624
39,2020-10-29,220549.0,1037,24082.0,9320.0,2334,46220.0,462713.0,118068107,1009397,2760.0,2403.0,8860888,88723,3552166.0,56,143587729,1332791
40,2020-10-28,219512.0,1044,23883.0,9134.0,2464,45205.0,460379.0,117058710,802924,2744.0,2347.0,8772165,78752,3515953.0,56,142254938,1096151
41,2020-10-27,218468.0,919,23701.0,8997.0,2253,44392.0,457915.0,116255786,807350,2719.0,2287.0,8693413,72083,3485474.0,56,141158787,1071163
42,2020-10-26,217549.0,402,23542.0,8942.0,1754,43005.0,455662.0,115448436,983843,2703.0,2301.0,8621330,62525,3458204.0,56,140087624,1211065
43,2020-10-25,217147.0,382,23420.0,8590.0,1076,41883.0,453908.0,114464593,900533,2693.0,2176.0,8558805,64893,3420713.0,56,138876559,1188211
44,2020-10-24,216765.0,890,23356.0,8675.0,1793,42087.0,452832.0,113564060,961392,2691.0,2230.0,8493912,83287,3404503.0,56,137688348,1323376
45,2020-10-23,215875.0,934,23221.0,8340.0,15071,41617.0,451039.0,112602668,1042591,2679.0,2180.0,8410625,82333,3373284.0,56,136364972,1383173
46,2020-10-22,214941.0,1126,23018.0,8178.0,2496,41125.0,435968.0,111560077,917807,2641.0,2147.0,8328292,72842,3350982.0,56,134981799,1229733
47,2020-10-21,213815.0,1019,22855.0,8291.0,2131,40397.0,433472.0,110642270,690570,2622.0,2090.0,8255450,60958,3321258.0,56,133752066,941787
48,2020-10-20,212796.0,837,22662.0,8213.0,2265,39406.0,431341.0,109951700,756578,2593.0,2045.0,8194492,60549,3293315.0,56,132810279,952747
49,2020-10-19,211959.0,456,22475.0,8069.0,1666,37954.0,429076.0,109195122,1024097,2577.0,1800.0,8133943,57109,3270429.0,56,131857532,1134720
50,2020-10-18,211503.0,402,22391.0,7383.0,813,36536.0,427410.0,108171025,765614,2557.0,1762.0,8076834,48284,3231947.0,56,130722812,1051673
51,2020-10-17,211101.0,773,22320.0,7466.0,1528,37474.0,426597.0,107405411,965151,2553.0,1791.0,8028550,57328,3218561.0,56,129671139,1298729
52,2020-10-16,210328.0,897,22202.0,7328.0,1864,37470.0,425069.0,106440260,970366,2547.0,1739.0,7971222,68249,3195422.0,56,128372410,1230928
53,2020-10-15,209431.0,930,22051.0,7302.0,1999,37420.0,423205.0,105469894,851903,2531.0,1769.0,7902973,63394,3175500.0,56,127141482,1109379
54,2020-10-14,208501.0,807,21889.0,7239.0,2455,37176.0,421206.0,104617991,621162,2516.0,1776.0,7839579,56117,3153746.0,56,126032103,1044858
55,2020-10-13,207694.0,698,21735.0,7096.0,2008,36161.0,418751.0,103996829,858966,2485.0,1755.0,7783462,48594,3122531.0,56,124987245,1051833
56,2020-10-12,206996.0,282,21625.0,6866.0,1169,35156.0,416743.0,103137863,882966,2464.0,1666.0,7734868,42644,3104644.0,56,123935412,1059571
57,2020-10-11,206714.0,468,21553.0,6749.0,981,34609.0,415574.0,102254897,802045,2454.0,1646.0,7692224,46268,3072920.0,56,122875841,1078116
58,2020-10-10,206246.0,681,21512.0,6752.0,1472,34700.0,414593.0,101452852,961538,2451.0,1667.0,7645956,57414,3061045.0,56,121797725,1251924
59,2020-10-09,205565.0,898,21389.0,6785.0,1727,34989.0,413121.0,100491314,948103,2437.0,1655.0,7588542,56802,3037145.0,56,120545801,1203110
60,2020-10-08,204667.0,985,21217.0,6694.0,2131,34446.0,411394.0,99543211,884499,2427.0,1638.0,7531740,55208,3019299.0,56,119342691,1156858
61,2020-10-07,203682.0,925,21112.0,6575.0,2140,33584.0,409263.0,98658712,731540,2410.0,1646.0,7476532,50591,2997942.0,56,118185833,977469
62,2020-10-06,202757.0,610,20973.0,6502.0,-768,32720.0,407123.0,97927172,716607,2388.0,1609.0,7425941,38917,2950348.0,56,117208364,913476
63,2020-10-05,202147.0,344,20812.0,6287.0,1486,31434.0,407891.0,97210565,844187,2370.0,1515.0,7387024,37757,2933035.0,56,116294888,992215
64,2020-10-04,201803.0,365,20729.0,6056.0,663,30063.0,406405.0,96366378,823033,2362.0,1485.0,7349267,37987,2909644.0,56,115302673,1028018
65,2020-10-03,201438.0,740,20686.0,6073.0,1083,30209.0,405742.0,95543345,844923,2358.0,1501.0,7311280,50934,2895307.0,56,114274655,1098266
66,2020-10-02,200698.0,847,20612.0,6194.0,1433,30877.0,404659.0,94698422,975103,2348.0,1533.0,7260346,49258,2871287.0,56,113176389,1241741
67,2020-10-01,199851.0,858,20492.0,6263.0,1732,30951.0,403226.0,93723319,763481,2334.0,1547.0,7211088,45605,2858704.0,56,111934648,1006617
68,2020-09-30,198993.0,1063,20390.0,6236.0,1638,31018.0,401494.0,92959838,676981,2319.0,1507.0,7165483,44347,2838664.0,56,110928031,909435
69,2020-09-29,197930.0,737,20247.0,6181.0,1651,30583.0,399856.0,92282857,711210,2298.0,1495.0,7121136,36441,2811386.0,56,110018596,921475
70,2020-09-28,197193.0,247,20121.0,6052.0,1223,29688.0,398205.0,91571647,912421,2285.0,1518.0,7084695,35883,2792677.0,56,109097121,1160560
71,2020-09-27,196946.0,306,20050.0,6170.0,613,29579.0,396982.0,90659226,669417,2277.0,1511.0,7048812,34986,2764336.0,56,107936561,904386
72,2020-09-26,196640.0,871,20002.0,6143.0,1197,29670.0,396369.0,89989809,886631,2272.0,1509.0,7013826,47405,2748595.0,56,107032175,1123112
73,2020-09-25,195769.0,850,19919.0,6220.0,1320,29900.0,395172.0,89103178,876562,2264.0,1506.0,6966421,55189,2725475.0,56,105909063,1116019
74,2020-09-24,194919.0,939,19555.0,6269.0,1495,30158.0,393852.0,88226616,802920,2177.0,1560.0,6911232,43346,2708310.0,56,104793044,1041369
75,2020-09-23,193980.0,1154,19452.0,6203.0,1449,30021.0,392357.0,87423696,804579,2154.0,1544.0,6867886,38620,2670381.0,56,103751675,1013686
76,2020-09-22,192826.0,864,19324.0,6196.0,1519,29658.0,390908.0,86619117,673704,2130.0,1562.0,6829266,49475,2645001.0,56,102737989,857487
77,2020-09-21,191962.0,280,19353.0,6140.0,1103,28873.0,389389.0,85945413,636797,2116.0,1572.0,6779791,39139,2614069.0,56,101880502,773162
78,2020-09-20,191682.0,323,19281.0,6100.0,525,28724.0,388286.0,85308616,788523,2112.0,1595.0,6740652,35503,2587314.0,56,101107340,977016
79,2020-09-19,191359.0,747,19243.0,6163.0,1036,29185.0,387761.0,84520093,945675,2111.0,1577.0,6705149,44905,2575561.0,56,100130324,1175901
80,2020-09-18,190612.0,900,19163.0,6175.0,1416,29652.0,386725.0,83574418,853055,2107.0,1608.0,6660244,47252,2556013.0,56,98954423,1093736
81,2020-09-17,189712.0,880,19057.0,6278.0,1544,30007.0,385309.0,82721363,737466,2092.0,1658.0,6612992,43289,2538622.0,56,97860687,970386
82,2020-09-16,188832.0,1178,18961.0,6308.0,1475,30362.0,383765.0,81983897,628536,2090.0,1651.0,6569703,40112,2523824.0,56,96890301,829307
83,2020-09-15,187654.0,1045,18847.0,6310.0,1453,30447.0,382290.0,81355361,651999,2071.0,1572.0,6529591,34905,2493331.0,56,96060994,815060
84,2020-09-14,186609.0,408,18748.0,6238.0,956,30045.0,380837.0,80703362,366688,2061.0,1507.0,6494686,33620,2476089.0,56,95245934,496717
85,2020-09-13,186201.0,390,18692.0,6233.0,545,29921.0,379881.0,80336674,611857,2056.0,1562.0,6461066,34311,2448271.0,56,94749217,772316
86,2020-09-12,185811.0,818,18648.0,6451.0,1132,30758.0,379336.0,79724817,809094,2051.0,1619.0,6426755,41866,2437110.0,56,93976901,997249
87,2020-09-11,184993.0,1008,18549.0,6379.0,1516,31529.0,378204.0,78915723,724107,2031.0,1715.0,6384889,44684,2416126.0,56,92979652,924378
88,2020-09-10,183985.0,1161,18453.0,6531.0,1496,32536.0,376688.0,78191616,577344,2008.0,1925.0,6340205,37302,2401781.0,56,92055274,783526
89,2020-09-09,182824.0,1102,18322.0,6646.0,1934,32647.0,375192.0,77614272,552261,1994.0,1903.0,6302903,31173,2385790.0,56,91271748,702259
90,2020-09-08,181722.0,352,18189.0,6542.0,979,32345.0,373258.0,77062011,483429,1975.0,1879.0,6271730,22136,2357307.0,56,90569489,577352
91,2020-09-07,181370.0,226,18156.0,6630.0,474,32116.0,372279.0,76578582,558855,1967.0,1879.0,6249594,28144,2331821.0,56,89992137,664605
92,2020-09-06,181144.0,447,18125.0,6700.0,499,32497.0,371805.0,76019727,700038,1960.0,1912.0,6221450,32921,2314245.0,56,89327532,827992
93,2020-09-05,180697.0,921,18089.0,6766.0,1187,33626.0,371306.0,75319689,761699,1956.0,1956.0,6188529,44744,2300418.0,56,88499540,966594
94,2020-09-04,179776.0,996,18012.0,6924.0,1227,34191.0,370119.0,74557990,849576,1943.0,1995.0,6143785,51513,2281748.0,56,87532946,1043734
95,2020-09-03,178780.0,1076,17894.0,6921.0,1491,34747.0,368892.0,73708414,680038,1928.0,2042.0,6092272,44621,2265262.0,56,86489212,881140
96,2020-09-02,177704.0,1026,17784.0,7087.0,1513,35667.0,367401.0,73028376,616999,1918.0,2024.0,6047651,30217,2230060.0,56,85608072,756867
97,2020-09-01,176678.0,1022,17655.0,7090.0,1839,35334.0,365888.0,72411377,654672,1902.0,2042.0,6017434,42421,2201023.0,56,84851205,816090
98,2020-08-31,175656.0,382,17537.0,7043.0,751,35423.0,364049.0,71756705,647110,1877.0,2077.0,5975013,31270,2183106.0,56,84035115,735472
99,2020-08-30,175274.0,474,17439.0,7268.0,662,35801.0,363298.0,71109595,697322,1870.0,2055.0,5943743,39285,2152344.0,56,83299643,826703
100,2020-08-29,174800.0,1008,17401.0,7413.0,1284,36516.0,362636.0,70412273,717934,1864.0,2062.0,5904458,43963,2139059.0,56,82472940,890451
101,2020-08-28,173792.0,1026,17304.0,7558.0,1627,37351.0,361352.0,69694339,727988,1856.0,2086.0,5860495,46126,2116889.0,56,81582489,907113
102,2020-08-27,172766.0,1124,17181.0,7717.0,1659,37529.0,359725.0,68966351,698585,1831.0,2125.0,5814369,43916,2099887.0,56,80675376,858792
103,2020-08-26,171642.0,1305,17046.0,7737.0,1819,38501.0,358066.0,68267766,602184,1809.0,2142.0,5770453,43627,2083058.0,56,79816584,737977
104,2020-08-25,170337.0,1140,16920.0,7863.0,1954,38842.0,356247.0,67665582,629365,1789.0,2163.0,5726826,36588,2052294.0,56,79078607,709581
105,2020-08-24,169197.0,352,16787.0,7851.0,1075,38776.0,354293.0,67036217,639701,1764.0,2118.0,5690238,34249,2019310.0,56,78369026,722679
106,2020-08-23,168845.0,574,16697.0,7949.0,698,39064.0,353218.0,66396516,585741,1737.0,2131.0,5655989,37325,1996283.0,56,77646347,709006
107,2020-08-22,168271.0,1028,16657.0,8207.0,1598,40017.0,352520.0,65810775,709705,1736.0,2204.0,5618664,45722,1984053.0,56,76937341,885309
108,2020-08-21,167243.0,1110,16563.0,8357.0,1767,41047.0,350922.0,65101070,701219,1730.0,2286.0,5572942,46195,1963656.0,56,76052032,869078
109,2020-08-20,166133.0,1134,16487.0,8483.0,1975,42081.0,349155.0,64399851,629703,1716.0,2335.0,5526747,43723,1945468.0,56,75182954,812540
110,2020-08-19,164999.0,1424,16377.0,8744.0,1996,43395.0,347180.0,63770148,646787,1705.0,2371.0,5483024,44882,1923539.0,56,74370414,785758
111,2020-08-18,163575.0,1195,16123.0,8866.0,2227,43848.0,345184.0,63123361,614380,1695.0,2468.0,5438142,40492,1887869.0,56,73584656,721938
112,2020-08-17,162380.0,419,15985.0,8871.0,1274,43596.0,342957.0,62508981,624196,1678.0,2447.0,5397650,37411,1864220.0,56,72862718,733865
113,2020-08-16,161961.0,618,15924.0,8958.0,685,44155.0,341683.0,61884785,742013,1665.0,2481.0,5360239,42322,1831798.0,56,72128853,853678
114,2020-08-15,161343.0,1218,15891.0,9087.0,1881,44922.0,340998.0,61142772,689392,1663.0,2526.0,5317917,55810,1817332.0,56,71275175,864302
115,2020-08-14,160125.0,1219,15764.0,9277.0,2143,45860.0,339117.0,60453380,800395,1665.0,2549.0,5262107,57093,1795121.0,56,70410873,971576
116,2020-08-13,158906.0,1164,15629.0,9487.0,2651,47322.0,336974.0,59652985,848520,1649.0,2579.0,5205014,51621,1773505.0,56,69439297,1012831
117,2020-08-12,157742.0,1518,15524.0,9555.0,2988,48046.0,334323.0,58804465,437894,1629.0,2604.0,5153393,55894,1753994.0,56,68426466,550874
118,2020-08-11,156224.0,1323,15331.0,9136.0,2599,48620.0,331335.0,58366571,698850,1612.0,2415.0,5097499,55430,1713812.0,56,67875592,798086
119,2020-08-10,154901.0,435,15158.0,9216.0,1594,48761.0,328736.0,57667721,689946,1592.0,2533.0,5042069,41743,1669563.0,56,67077506,793731
120,2020-08-09,154466.0,614,15081.0,9307.0,862,48997.0,327142.0,56977775,666501,1578.0,2507.0,5000326,50153,1655695.0,56,66283775,778317
121,2020-08-08,153852.0,1084,15024.0,9662.0,1479,50071.0,326280.0,56311274,617176,1561.0,2566.0,4950173,53084,1641953.0,56,65505458,741112
122,2020-08-07,152768.0,1333,14925.0,9691.0,7992,51301.0,324801.0,55694098,720537,1549.0,2617.0,4897089,60836,1622789.0,56,64764346,893167
123,2020-08-06,151435.0,1248,14810.0,9994.0,2594,53221.0,316809.0,54973561,687923,1534.0,2718.0,4836253,53803,1597514.0,56,63871179,834237
124,2020-08-05,150187.0,1360,14687.0,9986.0,2123,53444.0,314215.0,54285638,643406,1524.0,2719.0,4782450,52464,1576782.0,56,63036942,787826
125,2020-08-04,148827.0,1239,14537.0,10207.0,4408,53440.0,312092.0,53642232,666958,1493.0,2701.0,4729986,51815,1528017.0,56,62249116,774602
126,2020-08-03,147588.0,536,14370.0,10230.0,1606,53524.0,307684.0,52975274,686211,1463.0,2659.0,4678171,49348,1512439.0,56,61474514,799660
127,2020-08-02,147052.0,494,14288.0,10415.0,831,54106.0,306078.0,52289063,643902,1448.0,2645.0,4628823,46510,1467653.0,56,60674854,750096
128,2020-08-01,146558.0,1192,14227.0,10450.0,2366,54554.0,305247.0,51645161,676504,1445.0,2698.0,4582313,60245,1460930.0,56,59924758,825450
129,2020-07-31,145366.0,1313,14044.0,10472.0,2533,55700.0,302881.0,50968657,657304,1437.0,2703.0,4522068,67530,1437182.0,56,59099308,996707
130,2020-07-30,144053.0,1248,13875.0,10523.0,3279,56565.0,300348.0,50311353,735329,1415.0,2760.0,4454538,68806,1413102.0,56,58102601,890948
131,2020-07-29,142805.0,1491,13744.0,10539.0,2868,57427.0,297069.0,49576024,764452,1400.0,2772.0,4385732,63941,1389701.0,56,57211653,906258
132,2020-07-28,141314.0,1128,13559.0,10463.0,4051,57178.0,294201.0,48811572,712360,1372.0,2752.0,4321791,58984,1354538.0,56,56305395,852157
133,2020-07-27,140186.0,1065,13412.0,10328.0,1671,58991.0,290150.0,48099212,701959,1356.0,2720.0,4262807,55014,1324925.0,56,55453238,824570
134,2020-07-26,139121.0,560,13343.0,10353.0,1380,58731.0,288479.0,47397253,776755,1336.0,2723.0,4207793,60123,1296974.0,56,54628668,893264
135,2020-07-25,138561.0,1005,13279.0,10380.0,1811,59382.0,287099.0,46620498,716726,1300.0,2729.0,4147670,64376,1278557.0,56,53735404,880694
136,2020-07-24,137556.0,1192,13182.0,10395.0,3040,59808.0,285288.0,45903772,852820,1297.0,2711.0,4083294,74854,1260741.0,56,52854710,1003121
137,2020-07-23,136364.0,1061,12933.0,10414.0,2378,59854.0,282248.0,45050952,768937,1280.0,2465.0,4008440,71225,1232403.0,56,51851589,907908
138,2020-07-22,135303.0,1134,12790.0,10457.0,2246,59752.0,279870.0,44282015,731929,1258.0,2440.0,3937215,69346,1210067.0,56,50943681,884346
139,2020-07-21,134169.0,1069,12629.0,6711.0,2510,59480.0,277624.0,43550086,680386,1242.0,2414.0,3867869,63625,1182158.0,56,50059335,810754
140,2020-07-20,133100.0,369,12475.0,6557.0,1623,58509.0,275114.0,42869700,653991,1223.0,2403.0,3804244,56936,1159320.0,56,49248581,760463
141,2020-07-19,132731.0,527,12393.0,6384.0,888,58052.0,273491.0,42215709,715902,1216.0,2362.0,3747308,63715,1130378.0,56,48488118,842553
142,2020-07-18,132204.0,873,12342.0,6397.0,1976,57822.0,272603.0,41499807,688479,1211.0,2343.0,3683593,64423,1121981.0,56,47645565,843393
143,2020-07-17,131331.0,936,12243.0,6452.0,2480,57894.0,270627.0,40811328,758135,1200.0,2353.0,3619170,76218,1106096.0,56,46802172,910758
144,2020-07-16,130395.0,953,12091.0,6359.0,2195,57614.0,268147.0,40053193,758237,1175.0,2317.0,3542952,70449,1089922.0,56,45891414,901382
145,2020-07-15,129442.0,860,12002.0,6317.0,2404,56312.0,265952.0,39294956,704403,1166.0,2317.0,3472503,65618,1075159.0,56,44990032,845306
146,2020-07-14,128582.0,739,11857.0,6235.0,2212,55667.0,263548.0,38590553,703495,1154.0,2263.0,3406885,62734,1048400.0,56,44144726,814100
147,2020-07-13,127843.0,331,11749.0,6074.0,1174,54156.0,261336.0,37887058,632899,1142.0,2259.0,3344151,57603,1031219.0,56,43330626,759836
148,2020-07-12,127512.0,474,11679.0,5930.0,894,52860.0,260162.0,37254159,702220,1136.0,2182.0,3286548,60972,1005644.0,56,42570790,823811
149,2020-07-11,127038.0,752,11612.0,5939.0,5070,51982.0,259268.0,36551939,632460,1128.0,2169.0,3225576,62324,994923.0,56,41746979,757685
150,2020-07-10,126286.0,822,11523.0,5896.0,2207,51740.0,254198.0,35919479,745963,1118.0,2197.0,3163252,66824,982521.0,56,40989294,888512
151,2020-07-09,125464.0,900,11370.0,5845.0,1654,44055.0,251991.0,35173516,652431,1138.0,2127.0,3096428,58959,968441.0,56,40100782,769300
152,2020-07-08,124564.0,812,11303.0,5874.0,1888,43204.0,250337.0,34521085,578922,1103.0,2172.0,3037469,62736,952731.0,56,39331482,708221
153,2020-07-07,123752.0,905,11177.0,5832.0,1936,41957.0,248449.0,33942163,582254,1084.0,2098.0,2974733,51742,935850.0,56,38623261,682623
154,2020-07-06,122847.0,266,11058.0,5687.0,818,39970.0,246513.0,33359909,473004,1070.0,2105.0,2922991,41494,923481.0,56,37940638,646440
155,2020-07-05,122581.0,207,11010.0,5653.0,582,38872.0,245695.0,32886905,626205,1064.0,2080.0,2881497,45167,901881.0,56,37294198,687116
156,2020-07-04,122374.0,300,10977.0,5633.0,872,38281.0,245113.0,32260700,575143,1063.0,1982.0,2836330,54144,893652.0,56,36607082,659445
157,2020-07-03,122074.0,602,10936.0,5597.0,1344,37927.0,244241.0,31685557,648802,1059.0,2049.0,2782186,53688,883025.0,56,35947637,731009
158,2020-07-02,121472.0,696,10843.0,5626.0,1694,37627.0,242897.0,31036755,613444,1041.0,2105.0,2728498,53508,874530.0,56,35216628,705717
159,2020-07-01,120776.0,689,10752.0,5512.0,1433,36569.0,241203.0,30423311,593506,1027.0,2098.0,2674990,51001,822580.0,56,34510911,669383
160,2020-06-30,120087.0,584,10669.0,5424.0,1483,35335.0,239770.0,29829805,578183,1008.0,2044.0,2623989,47630,813219.0,56,33841528,663484
161,2020-06-29,119503.0,358,10542.0,5380.0,734,33744.0,238287.0,29251622,613360,990.0,2011.0,2576359,39765,797723.0,56,33178044,677375
162,2020-06-28,119145.0,271,10473.0,5252.0,547,32575.0,237553.0,28638262,541568,983.0,2077.0,2536594,41332,777667.0,56,32500669,606962
163,2020-06-27,118874.0,502,10415.0,5314.0,1048,32566.0,237006.0,28096694,554458,977.0,2159.0,2495262,42893,771895.0,56,31893707,631529
164,2020-06-26,118372.0,624,10334.0,5283.0,1546,31810.0,235958.0,27542236,563044,966.0,2075.0,2452369,44379,763402.0,56,31262178,741141
165,2020-06-25,117748.0,663,10257.0,5320.0,1279,31926.0,234412.0,26979192,602840,951.0,2214.0,2407990,39681,756120.0,56,30521037,649938
166,2020-06-24,117085.0,707,10173.0,5293.0,1255,31271.0,233133.0,26376352,491927,934.0,2248.0,2368309,39009,747031.0,56,29871099,507529
167,2020-06-23,116378.0,725,10077.0,5402.0,1262,30394.0,231878.0,25884425,468011,918.0,2293.0,2329300,33885,738454.0,56,29363570,644852
168,2020-06-22,115653.0,294,10002.0,5323.0,847,28954.0,230616.0,25416414,450285,909.0,2299.0,2295415,27179,731021.0,56,28718718,498134
169,2020-06-21,115359.0,293,9944.0,5195.0,519,28325.0,229769.0,24966129,492466,904.0,2321.0,2268236,28848,712904.0,56,28220584,531461
170,2020-06-20,115066.0,611,9908.0,5229.0,686,28084.0,229250.0,24473663,529679,888.0,2380.0,2239388,31951,708341.0,56,27689123,577727
171,2020-06-19,114455.0,656,9876.0,5341.0,1587,28706.0,228564.0,23943984,559466,884.0,2434.0,2207437,30959,697556.0,56,27111396,613187
172,2020-06-18,113799.0,693,9736.0,5464.0,1095,28521.0,226977.0,23384518,484106,869.0,2520.0,2176478,27089,690166.0,56,26498209,535785
173,2020-06-17,113106.0,794,9665.0,5612.0,1081,28664.0,225882.0,22900412,466664,857.0,2588.0,2149389,23906,680432.0,56,25962424,522443
174,2020-06-16,112312.0,706,9590.0,5570.0,1173,28386.0,224801.0,22433748,442884,845.0,2594.0,2125483,23268,671680.0,56,25439981,484041
175,2020-06-15,111606.0,406,9516.0,5703.0,688,28026.0,223628.0,21990864,412838,835.0,2640.0,2102215,18654,664469.0,56,24955940,446893
176,2020-06-14,111200.0,355,9466.0,5749.0,610,28020.0,222940.0,21578026,460733,834.0,2716.0,2083561,21333,649974.0,56,24509047,481830
177,2020-06-13,110845.0,690,9430.0,5883.0,943,28578.0,222330.0,21117293,481992,830.0,2726.0,2062228,25245,644787.0,56,24027217,523604
178,2020-06-12,110155.0,763,9373.0,6017.0,1380,29309.0,221387.0,20635301,592450,814.0,2734.0,2036983,23096,635522.0,56,23503613,596104
179,2020-06-11,109392.0,899,9295.0,6074.0,1527,29844.0,220007.0,20042851,438708,792.0,2886.0,2013887,22071,628050.0,56,22907509,479041
180,2020-06-10,108493.0,884,9225.0,6249.0,1237,30952.0,218480.0,19604143,411650,780.0,3020.0,1991816,20727,617695.0,56,22428468,448038
181,2020-06-09,107609.0,901,9141.0,6457.0,1263,31187.0,217243.0,19192493,401933,771.0,3090.0,1971089,17151,609256.0,56,21980430,444494
182,2020-06-08,106708.0,676,9013.0,6402.0,1095,31121.0,215980.0,18790560,377092,762.0,3240.0,1953938,17230,602715.0,56,21535936,410150
183,2020-06-07,106032.0,446,8957.0,6501.0,655,31490.0,214885.0,18413468,406291,753.0,3298.0,1936708,18818,590504.0,56,21125786,424559
184,2020-06-06,105586.0,711,8920.0,6762.0,982,31994.0,214230.0,18007177,521566,750.0,3476.0,1917890,22558,585047.0,56,20701227,558266
185,2020-06-05,104875.0,844,8863.0,6920.0,1513,32499.0,213248.0,17485611,484077,740.0,3523.0,1895332,23066,575917.0,56,20142961,589185
186,2020-06-04,104031.0,864,8787.0,7057.0,-2849,32814.0,211735.0,17001534,444547,723.0,3665.0,1872266,20383,569233.0,56,19553776,494516
187,2020-06-03,103167.0,980,8688.0,7227.0,2145,33237.0,214584.0,16556987,451466,717.0,3749.0,1851883,20155,556949.0,56,19059260,471418
188,2020-06-02,102187.0,1000,8566.0,7407.0,1736,33950.0,212439.0,16105521,399574,710.0,3852.0,1831728,20155,541613.0,56,18587842,440591
189,2020-06-01,101187.0,671,8485.0,7591.0,2858,34316.0,210703.0,15705947,389205,704.0,3950.0,1811573,20362,535950.0,56,18147251,412903
190,2020-05-31,100516.0,651,8445.0,7626.0,896,34911.0,207845.0,15316742,375413,704.0,3669.0,1791211,21392,522456.0,56,17734348,421672
191,2020-05-30,99865.0,918,8305.0,7956.0,1425,35735.0,206949.0,14941329,402887,698.0,4004.0,1769819,23437,494308.0,56,17312676,443339
192,2020-05-29,98947.0,1169,8235.0,8174.0,1565,36948.0,205524.0,14538442,467472,689.0,4032.0,1746382,23588,484191.0,56,16869337,513087
193,2020-05-28,97778.0,1242,8109.0,8389.0,1596,38003.0,203959.0,14070970,421569,676.0,4080.0,1722794,22659,477794.0,56,16356250,465426
194,2020-05-27,96536.0,1316,8015.0,8547.0,1563,38297.0,202363.0,13649401,286701,666.0,4222.0,1700135,19411,391223.0,56,15890824,414254
195,2020-05-26,95220.0,672,7899.0,8585.0,17287,37775.0,200800.0,13362700,287429,650.0,4215.0,1680724,16978,384609.0,56,15476570,314228
196,2020-05-25,94548.0,554,7847.0,8467.0,901,37711.0,183513.0,13075271,409673,642.0,4237.0,1663746,18531,378892.0,56,15162342,423440
197,2020-05-24,93994.0,684,7801.0,8485.0,1027,37757.0,182612.0,12665598,350629,639.0,4383.0,1645215,18860,366510.0,56,14738902,356595
198,2020-05-23,93310.0,1035,7770.0,8733.0,1383,38581.0,181585.0,12314969,375490,638.0,4620.0,1626355,22365,361116.0,56,14382307,420243
199,2020-05-22,92275.0,1303,7689.0,9049.0,3945,40014.0,180202.0,11939479,383111,633.0,4716.0,1603990,24173,349936.0,56,13962064,408875
200,2020-05-21,90972.0,1427,7412.0,9090.0,4547,41347.0,176257.0,11556368,439808,616.0,4868.0,1579817,26742,298183.0,56,13553189,495347
201,2020-05-20,89545.0,1390,7319.0,9521.0,1759,41871.0,171710.0,11116560,392713,613.0,4911.0,1553075,21259,294133.0,56,13057842,438750
202,2020-05-19,88155.0,1332,7217.0,9598.0,1549,42023.0,169951.0,10723847,379946,606.0,5032.0,1531816,20882,289283.0,56,12619092,397033
203,2020-05-18,86823.0,889,7064.0,9754.0,1133,41921.0,168402.0,10343901,334147,602.0,5257.0,1510934,20844,282949.0,56,12222059,364374
204,2020-05-17,85934.0,850,7003.0,9934.0,1130,42022.0,167269.0,10009754,350914,593.0,5467.0,1490090,20152,272009.0,56,11857685,343877
205,2020-05-16,85084.0,1195,6945.0,10278.0,1798,43507.0,166139.0,9658840,336869,592.0,5529.0,1469938,23586,268206.0,56,11513808,369919
206,2020-05-15,83889.0,1263,6890.0,10484.0,1313,44551.0,164341.0,9321971,335441,589.0,5746.0,1446352,25422,250665.0,56,11143889,405544
207,2020-05-14,82626.0,1852,6795.0,10655.0,3162,45924.0,163028.0,8986530,338429,582.0,5940.0,1420930,26713,246231.0,56,10738345,383452
208,2020-05-13,80774.0,1734,6713.0,10990.0,1791,46918.0,159866.0,8648101,301615,572.0,6156.0,1394217,21628,243359.0,56,10354893,334575
209,2020-05-12,79040.0,1506,6585.0,11240.0,1483,47344.0,158075.0,8346486,288723,559.0,6352.0,1372589,22558,238863.0,56,10020318,324832
210,2020-05-11,77534.0,894,6488.0,11148.0,1369,46550.0,156592.0,8057763,357001,551.0,6350.0,1350031,18298,232012.0,56,9695486,388884
211,2020-05-10,76640.0,1032,6445.0,11393.0,1048,46760.0,155223.0,7700762,244495,547.0,6395.0,1331733,20890,215479.0,56,9306602,263218
212,2020-05-09,75608.0,1456,6367.0,11496.0,1669,48561.0,154175.0,7456267,270642,543.0,6551.0,1310843,25180,211899.0,56,9043384,306812
213,2020-05-08,74152.0,1781,6294.0,11780.0,6240,49758.0,152506.0,7185625,272051,531.0,6788.0,1285663,27159,198423.0,56,8736572,305133
214,2020-05-07,72371.0,2752,5174.0,12136.0,4176,51425.0,146266.0,6913574,274260,529.0,7070.0,1258504,27227,194375.0,56,8431439,316062
215,2020-05-06,69619.0,1916,4911.0,12478.0,2159,52581.0,142090.0,6639314,225939,449.0,4753.0,1231277,25143,189399.0,56,8115377,277283
216,2020-05-05,67703.0,2494,4794.0,12628.0,1936,53176.0,139931.0,6413375,247678,439.0,4818.0,1206134,22512,189316.0,56,7838094,273837
217,2020-05-04,65209.0,1028,4579.0,12696.0,1772,52377.0,137995.0,6165697,209837,430.0,4848.0,1183622,22501,186670.0,56,7564257,238928
218,2020-05-03,64181.0,1243,4502.0,12720.0,1854,52619.0,136223.0,5955860,209546,425.0,4761.0,1161121,25540,179614.0,56,7325329,228928
219,2020-05-02,62938.0,1531,4386.0,12905.0,1986,54009.0,134369.0,5746314,217099,375.0,4845.0,1135581,29034,174886.0,56,7096401,270061
220,2020-05-01,61407.0,1808,4300.0,12845.0,9878,54862.0,132383.0,5529215,266135,376.0,4707.0,1106547,32802,163554.0,56,6826340,283213
221,2020-04-30,59599.0,2153,4192.0,13255.0,2376,54921.0,122505.0,5263080,203587,373.0,4712.0,1073745,29971,154587.0,56,6543127,266567
222,2020-04-29,57446.0,2685,4093.0,13535.0,2961,55987.0,120129.0,5059493,213057,365.0,4796.0,1043774,26226,147234.0,56,6276560,251223
223,2020-04-28,54761.0,2077,3798.0,13562.0,2006,56034.0,117168.0,4846436,183429,252.0,4760.0,1017548,25372,139080.0,56,6025337,209925
224,2020-04-27,52684.0,1287,3720.0,13812.0,2243,56183.0,115162.0,4663007,169886,252.0,4867.0,992176,22595,121464.0,56,5815412,199821
225,2020-04-26,51397.0,1222,2571.0,14104.0,2209,56149.0,112919.0,4493121,179153,227.0,5121.0,969581,27058,116565.0,56,5615591,206301
226,2020-04-25,50175.0,1627,2516.0,14415.0,2305,57343.0,110710.0,4313968,235498,227.0,5266.0,942523,35651,112603.0,56,5409290,274228
227,2020-04-24,48548.0,1972,2468.0,14605.0,2372,57324.0,108405.0,4078470,204270,227.0,5187.0,906872,34274,103423.0,56,5135062,241371
228,2020-04-23,46576.0,1814,2428.0,14744.0,2827,59216.0,106033.0,3874200,167488,227.0,5464.0,872598,31970,96947.0,56,4893691,208275
229,2020-04-22,44762.0,2082,2370.0,15013.0,3097,59212.0,103206.0,3706712,294645,227.0,5474.0,840628,29136,92996.0,56,4685416,338620
230,2020-04-21,42680.0,2481,2315.0,14941.0,2733,59773.0,100109.0,3412067,128793,214.0,5514.0,811492,26213,72870.0,56,4346796,166007
231,2020-04-20,40199.0,1815,2193.0,14463.0,2311,56734.0,97376.0,3283274,119449,214.0,5567.0,785279,26105,69507.0,56,4180789,147869
232,2020-04-19,38384.0,1763,2145.0,14385.0,2162,56497.0,95065.0,3163825,127137,214.0,5603.0,759174,27279,67227.0,56,4032920,151437
233,2020-04-18,36621.0,1891,2096.0,14769.0,3449,57788.0,92903.0,3036688,118084,205.0,5729.0,731895,27826,62923.0,56,3881483,156988
234,2020-04-17,34730.0,2118,2052.0,14890.0,3366,58886.0,89454.0,2918604,125452,187.0,6096.0,704069,31982,53562.0,56,3724495,164084
235,2020-04-16,32612.0,2197,1834.0,15130.0,3165,59498.0,86088.0,2793152,134794,176.0,5940.0,672087,31577,48851.0,56,3560411,176230
236,2020-04-15,30415.0,2546,1783.0,14646.0,3510,59924.0,82923.0,2658358,108511,223.0,6032.0,640510,29859,43448.0,56,3384181,146526
237,2020-04-14,27869.0,2353,1715.0,14039.0,3174,59600.0,79413.0,2549847,126182,221.0,5975.0,610651,26078,39304.0,56,3237655,161065
238,2020-04-13,25516.0,1630,1622.0,13620.0,4480,56237.0,76239.0,2423665,107474,208.0,6168.0,584573,24398,35381.0,56,3076590,130807
239,2020-04-12,23886.0,1700,1449.0,13620.0,3331,55449.0,71759.0,2316191,111132,158.0,5968.0,560175,28001,34081.0,56,2945783,139465
240,2020-04-11,22186.0,2079,1399.0,13285.0,3747,55557.0,68428.0,2205059,110160,152.0,5978.0,532174,31105,31567.0,56,2806318,141411
241,2020-04-10,20107.0,2072,1179.0,12693.0,4909,53167.0,64681.0,2094899,118212,39.0,5937.0,501069,33489,29015.0,56,2664907,154558
242,2020-04-09,18035.0,2062,918.0,12450.0,3831,51313.0,59772.0,1976687,139997,39.0,5794.0,467580,35090,24835.0,56,2510349,174405
243,2020-04-08,15973.0,1997,862.0,10337.0,4321,45515.0,55941.0,1836690,119133,39.0,4131.0,432490,30917,21132.0,56,2335944,158366
244,2020-04-07,13976.0,2044,738.0,9978.0,2997,43849.0,51620.0,1717557,122368,43.0,4076.0,401573,30701,18481.0,56,2177578,154711
245,2020-04-06,11932.0,1313,663.0,7079.0,2943,36159.0,48623.0,1595189,121910,39.0,2961.0,370872,28409,16557.0,56,2022867,151277
246,2020-04-05,10619.0,1339,609.0,5811.0,3937,32180.0,45680.0,1473279,94604,39.0,652.0,342463,25655,14589.0,56,1871590,122226
247,2020-04-04,9280.0,1481,403.0,5500.0,5012,30268.0,41743.0,1378675,195398,39.0,656.0,316808,32885,12844.0,56,1749364,228244
248,2020-04-03,7799.0,1285,335.0,4928.0,4603,25777.0,36731.0,1183277,100552,39.0,623.0,283923,31838,10861.0,56,1521120,135375
249,2020-04-02,6514.0,1178,305.0,4513.0,4198,22997.0,32128.0,1082725,93116,32.0,574.0,252085,28045,8586.0,56,1385745,122911
250,2020-04-01,5336.0,1004,256.0,3937.0,4134,20906.0,27930.0,989609,83448,32.0,561.0,224040,26116,7084.0,56,1262834,112497
251,2020-03-31,4332.0,907,230.0,3487.0,3998,18155.0,23796.0,906161,87930,,507.0,197924,25184,5666.0,56,1150337,114632
252,2020-03-30,3425.0,588,187.0,3087.0,2472,15917.0,19798.0,818231,95634,,451.0,172740,21470,4560.0,56,1035705,116583
253,2020-03-29,2837.0,504,156.0,2456.0,2794,14055.0,17326.0,722597,65412,,439.0,151270,19444,4076.0,56,919122,83552
254,2020-03-28,2333.0,551,140.0,2174.0,2409,12409.0,14532.0,657185,97762,,390.0,131826,19606,3145.0,56,835570,100456
255,2020-03-27,1782.0,408,124.0,1792.0,2572,10978.0,12123.0,559423,77275,,324.0,112220,19244,2418.0,56,735114,102115
256,2020-03-26,1374.0,316,91.0,1299.0,2478,7805.0,9551.0,482148,86516,,258.0,92976,17734,97.0,56,632999,108422
257,2020-03-25,1058.0,238,74.0,,1949,5140.0,7073.0,395632,70882,,167.0,75242,12891,146.0,56,524577,89096
258,2020-03-24,820.0,238,,,1178,3938.0,5124.0,324750,59562,,,62351,10749,,56,435481,71725
259,2020-03-23,582.0,101,,,920,2812.0,3946.0,265188,46432,,,51602,11435,,56,363756,58237
260,2020-03-22,481.0,146,,,1005,2173.0,3026.0,218756,35698,,,40167,9154,,56,305519,49861
261,2020-03-21,335.0,62,,,1849,1492.0,2021.0,183058,40052,,,31013,6816,,56,255658,49516
262,2020-03-20,273.0,70,,,44,1042.0,172.0,143006,29766,,,24197,6112,,56,206142,43236
263,2020-03-19,203.0,48,,,34,617.0,128.0,113240,23147,,,18085,4700,,56,162906,32950
264,2020-03-18,155.0,31,,,18,416.0,94.0,90093,18756,,,13385,3364,,56,129956,27334
265,2020-03-17,124.0,24,,,33,325.0,76.0,71337,16411,,,10021,2249,,56,102622,23341
266,2020-03-16,100.0,21,,,6,,43.0,54926,19511,,,7772,1857,,56,79281,24253
267,2020-03-15,79.0,15,,,10,,37.0,35415,6078,,,5915,1188,,51,55028,9117
268,2020-03-14,64.0,8,,,4,,27.0,29337,5250,,,4727,982,,51,45911,8464
269,2020-03-13,56.0,5,,,6,,23.0,24087,6210,,,3745,949,,51,37447,9023
270,2020-03-12,51.0,8,,,5,,17.0,17877,5304,,,2796,743,,51,28424,6511
271,2020-03-11,43.0,6,,,3,,12.0,12573,3808,,,2053,502,,51,21913,4614
272,2020-03-10,37.0,2,,,0,,9.0,8765,2621,,,1551,439,,51,17299,3149
273,2020-03-09,35.0,4,,,3,,9.0,6144,1802,,,1112,285,,51,14150,2189
274,2020-03-08,31.0,4,,,0,,6.0,4342,910,,,827,196,,51,11961,1182
275,2020-03-07,27.0,1,,,0,,6.0,3432,714,,,631,134,,51,10779,955
276,2020-03-06,26.0,6,,,1,,6.0,2718,775,,,497,130,,39,9824,961
277,2020-03-05,20.0,4,,,1,,5.0,1943,546,,,367,88,,30,8863,657
278,2020-03-04,16.0,2,,,4,,4.0,1397,951,,,279,134,,24,8206,1041
279,2020-03-03,14.0,3,,,0,,,446,203,,,145,51,,13,7165,292
280,2020-03-02,11.0,3,,,0,,,243,158,,,94,44,,11,6873,212
281,2020-03-01,8.0,3,,,0,,,85,61,,,50,32,,10,6661,109
282,2020-02-29,5.0,1,,,0,,,24,24,,,18,18,,7,6552,62
283,2020-02-28,4.0,2,,,0,,,0,0,,,0,0,,7,6490,3
284,2020-02-27,2.0,0,,,0,,,0,0,,,0,0,,7,6487,6446
285,2020-02-26,2.0,2,,,0,,,0,0,,,0,0,,5,41,0
286,2020-02-25,0.0,0,,,0,,,0,0,,,0,0,,5,41,1
287,2020-02-24,0.0,0,,,0,,,0,0,,,0,0,,5,40,2
288,2020-02-23,0.0,0,,,0,,,0,0,,,0,0,,5,38,0
289,2020-02-22,0.0,0,,,0,,,0,0,,,0,0,,5,38,1
290,2020-02-21,0.0,0,,,0,,,0,0,,,0,0,,5,37,1
291,2020-02-20,0.0,0,,,0,,,0,0,,,0,0,,5,36,1
292,2020-02-19,0.0,0,,,0,,,0,0,,,0,0,,5,35,6
293,2020-02-18,0.0,0,,,0,,,0,0,,,0,0,,5,29,0
294,2020-02-17,0.0,0,,,0,,,0,0,,,0,0,,5,29,1
295,2020-02-16,0.0,0,,,0,,,0,0,,,0,0,,5,28,2
296,2020-02-15,0.0,0,,,0,,,0,0,,,0,0,,5,26,4
297,2020-02-14,0.0,0,,,0,,,0,0,,,0,0,,4,22,0
298,2020-02-13,0.0,0,,,0,,,0,0,,,0,0,,4,22,1
299,2020-02-12,0.0,0,,,0,,,0,0,,,0,0,,4,21,1
300,2020-02-11,0.0,0,,,0,,,0,0,,,0,0,,4,20,1
301,2020-02-10,0.0,0,,,0,,,0,0,,,0,0,,4,19,1
302,2020-02-09,,0,,,0,,,0,0,,,0,0,,3,18,0
303,2020-02-08,,0,,,0,,,0,0,,,0,0,,3,18,2
304,2020-02-07,,0,,,0,,,0,0,,,0,0,,3,16,0
305,2020-02-06,,0,,,0,,,0,0,,,0,0,,3,16,1
306,2020-02-05,,0,,,0,,,0,0,,,0,0,,3,15,0
307,2020-02-04,,0,,,0,,,0,0,,,0,0,,3,15,4
308,2020-02-03,,0,,,0,,,0,0,,,0,0,,3,11,3
309,2020-02-02,,0,,,0,,,0,0,,,0,0,,3,8,0
310,2020-02-01,,0,,,0,,,0,0,,,0,0,,3,8,0
311,2020-01-31,,0,,,0,,,0,0,,,0,0,,3,8,3
312,2020-01-30,,0,,,0,,,0,0,,,0,0,,3,5,0
313,2020-01-29,,0,,,0,,,0,0,,,0,0,,3,5,2
314,2020-01-28,,0,,,0,,,0,0,,,0,0,,2,3,0
315,2020-01-27,,0,,,0,,,0,0,,,0,0,,2,3,1
316,2020-01-26,,0,,,0,,,0,0,,,0,0,,2,2,0
317,2020-01-25,,0,,,0,,,0,0,,,0,0,,2,2,0
318,2020-01-24,,0,,,0,,,0,0,,,0,0,,2,2,0
319,2020-01-23,,0,,,0,,,0,0,,,0,0,,2,2,1
320,2020-01-22,,0,,,0,,,0,0,,,0,0,,2,1,0
